question,answer,course_codes,page_ref,clause_ref,note
วิชาแคลคูลัส 1 (CALCULUS 1) มีจำนวนหน่วยกิตเท่าไหร่ และเรียนในปี/ภาคการศึกษาใด,3(3-0-6) หน่วยกิต เรียนปี 1 ภาคการศึกษาที่ 1,06026200,17,-,
รหัสวิชา 06026203 คือวิชาอะไร และมีวิชาบังคับก่อนหรือไม่,การโปรแกรมคอมพิวเตอร์ (COMPUTER PROGRAMMING) ไม่มีวิชาบังคับก่อน,06026203,17,-,
วิชาการแก้ปัญหาและโปรแกรมคอมพิวเตอร์ (06066303) เป็นวิชาประเภทใด (บังคับ/เลือก) และมีกี่หน่วยกิต,เป็นวิชาบังคับ 3(2-2-5) หน่วยกิต,06066303,18,-,
ปี 1 ภาคการศึกษาที่ 1 ของหลักสูตร DSBA (แผนสหกิจ) มีวิชาอะไรบ้าง (เท่าที่ปรากฏใน ground truth),06026200 แคลคูลัส 1; 06026202 พีชคณิตเชิงเส้น; 06066101 พื้นฐานทางธุรกิจสำหรับเทคโนโลยีสารสนเทศ; 06066303 การแก้ปัญหาและโปรแกรมคอมพิวเตอร์; 90641001 โรงเรียนสร้างเสน่าห์; 90641003 กีฬาและนันทนาการ; 90644007 ภาษาอังกฤษพื้นฐาน 1,"06026200, 06026202, 06066101, 06066303, 90641001, 90641003, 90644007","16, 17, 18",-,"คำถามรวมหลายวิชา ตอบจากทุกวิชาที่ year=1, semester=1"
วิชาแคลคูลัส 1 (06026200) กับวิชาความน่าจะเป็นและสถิติ (06066001) มีจำนวนหน่วยกิตเท่ากันหรือไม่,เท่ากัน ทั้งสองวิชามี 3(3-0-6) หน่วยกิต,"06026200, 06066001",17,-,
วิชา 'พื้นฐานทางธุรกิจสำหรับเทคโนโลยีสารสนเทศ' มีชื่อภาษาอังกฤษว่าอะไร,"BUSINESS FUNDAMENTALS FOR INFORMATION
TECHNOLOGY",06066101,18,-,
วิชาความฉลาดทางดิจิทัล (90641002) อยู่ในกลุ่มวิชาประเภทใด และเรียนปี/ภาคใด,หมวดวิชาศึกษาทั่วไป เรียนปี 1 ภาคการศึกษาที่ 2,90641002,16,-,
วิชาแคลคูลัส 1 (06026200) อยู่ในหมวดวิชาใด และเป็นวิชาบังคับหรือเลือก,หมวดวิชาเฉพาะ เป็นวิชาบังคับ,06026200,17,-,
วิชาปัญญาประดิษฐ์ (06026216) เป็นวิชาบังคับหรือวิชาเลือก,เป็นวิชาเลือก (อยู่ในกลุ่มวิชาชีพเฉพาะด้าน ที่ต้องเลือกเก็บ 12 หน่วยกิตจากรายวิชาที่มีให้เลือกจำนวนมาก),06026216,19,-,
วิชาโรงเรียนสร้างเสน่ห์ (90641001) อยู่หมวดวิชาใด และสำหรับหลักสูตร DSBA เป็นวิชาบังคับหรือเลือก,หมวดวิชาศึกษาทั่วไป — สำหรับหลักสูตร DSBA ถูกกำหนดเป็นวิชาบังคับ (แม้ในเมนู GE ทั้งมหาวิทยาลัยจะเป็นวิชาเลือกก็ตาม),90641001,16,-,ตัวอย่างที่ type ขึ้นกับบริบทหลักสูตร ไม่ใช่ค่าตายตัวของวิชา
วิชาหมวดวิชาเฉพาะ กลุ่มวิชาแกน ของ DSBA มีกี่หน่วยกิต และมีวิชาอะไรบ้าง (ตัวอย่าง 3 วิชาแรก),"45 หน่วยกิต ตัวอย่างวิชา: แคลคูลัส 1, พีชคณิตเชิงเส้น, และวิชาอื่น ๆ ในกลุ่มวิชาแกน","06026200, 06026202",17,-,
วิชาการแก้ปัญหาและโปรแกรมคอมพิวเตอร์ (06066303) มีหน่วยกิตเท่าไหร่ อยู่ปี/เทอมไหน และเป็นวิชาประเภทใด,3(2-2-5) หน่วยกิต เรียนปี 1 ภาคการศึกษาที่ 1 เป็นวิชาบังคับ,06066303,18,-,
ความฉลาดทางดิจิทัล (90641002) จัดอยู่ในหมวดวิชาใดของหลักสูตร DSBA,หมวดวิชาศึกษาทั่วไป,90641002,16,-,
ระหว่างวิชาแคลคูลัส 1 (06026200) กับวิชาพีชคณิตเชิงเส้น (06026202) วิชาใดเป็นวิชาเลือก,ไม่มี ทั้งสองวิชาเป็นวิชาบังคับทั้งคู่ (อยู่ในกลุ่มวิชาแกน),"06026200, 06026202",17,-,
กลุ่มวิชาชีพเฉพาะด้านของ DSBA ต้องเก็บกี่หน่วยกิต และมีลักษณะการเลือกอย่างไร,ต้องเก็บ 12 หน่วยกิต โดยเลือกจากรายวิชาเฉพาะทางที่เปิดให้เลือกจำนวนมาก (เช่น กลุ่มวิทยาการข้อมูล กลุ่มวิเคราะห์เชิงสถิติ กลุ่มวิศวกรรมข้อมูล) ไม่ต้องเรียนครบทุกวิชาในกลุ่ม,"06026216, 06026217",19,-,
วิชาการสร้างคลังข้อมูล (06026212) ต้องผ่านวิชาอะไรมาก่อน,06066300 (แนวคิดระบบฐานข้อมูล / DATABASE SYSTEM CONCEPTS),06026212,18,-,
วิชาแคลคูลัส 2 มีวิชาบังคับก่อนหรือไม่ ถ้ามีคือวิชาอะไร,มี ต้องผ่านวิชาแคลคูลัส 1 (06026200) มาก่อน,"06026201, 06026200",17,-,
วิชาปัญญาประดิษฐ์ (06026216) เป็นวิชาบังคับหรือเลือก และอยู่หมวดวิชาใด,เป็นวิชาเลือก อยู่หมวดวิชาเฉพาะ (กลุ่มวิชาชีพเฉพาะด้าน ที่เลือกเก็บ 12 จาก 34+ วิชาที่เปิดให้เลือก),06026216,19,-,
วิชาโรงเรียนสร้างเสน่ห์ (90641001) มีวิชาบังคับก่อนหรือไม่,ไม่มี,90641001,16,-,
การแก้ปัญหาและโปรแกรมคอมพิวเตอร์ (06066303) กับ การโปรแกรมคอมพิวเตอร์ (06026203) เป็นวิชาบังคับทั้งคู่หรือไม่,ใช่ ทั้งสองวิชาเป็นวิชาบังคับ,"06066303, 06026203","17, 18",-,
หลักสูตร DSBA ต้องเรียนครบกี่หน่วยกิตจึงจะสำเร็จการศึกษา,132 หน่วยกิต,,,-,อ้างอิงหน้า 2 (ไม่มีเลขข้อ เป็นข้อความสรุปโครงสร้างหลักสูตร ไม่ใช่ข้อบังคับสถาบัน)
นักศึกษาที่ได้เกรดเฉลี่ยสะสมต่ำกว่าเท่าไหร่ ต้องถูกภาคทัณฑ์,ต่ำกว่า 2.00,,,ข้อ 22,อ้างอิงหน้า 94
เกณฑ์ขั้นต่ำของเกรดเฉลี่ยสะสมเพื่อสำเร็จการศึกษาคือเท่าไหร่,ไม่ต่ำกว่า 2.00,,,ข้อ 25,อ้างอิงหน้า 94
นักศึกษาที่จะได้เกียรตินิยมอันดับ 1 (ไม่รวมเหรียญทอง) ต้องมีเกรดเฉลี่ยสะสมอย่างน้อยเท่าไหร่,ไม่ต่ำกว่า 3.50,,,-,อ้างอิงหน้า 95
การลงทะเบียนเรียนในภาคการศึกษาปกติ ลงได้ต่ำสุด-สูงสุดกี่หน่วยกิต,ไม่น้อยกว่า 9 และไม่เกิน 22 หน่วยกิต,,,ข้อ 11,อ้างอิงหน้า 91-92
