pipeline,matched,recall,precision,f1,attribute,n_items,cer,wer,exact_match_acc,n_sub,n_del,n_ins,n_missing,n_ref_chars
text_merged,87/90,96.7%,87.9%,0.921,รหัสวิชา,90,0.0328,,96.7%,0,24,0,3,732
text_merged,87/90,96.7%,87.9%,0.921,ชื่อวิชา (ไทย) ⭐,90,0.2584,0.4687,53.3%,235,390,90,3,2767
text_merged,87/90,96.7%,87.9%,0.921,ชื่อวิชา (อังกฤษ) ⭐,90,0.1061,0.1468,81.1%,126,121,35,3,2659
text_merged,87/90,96.7%,87.9%,0.921,หน่วยกิต,90,0.1769,,77.8%,39,108,0,3,831
text_merged,87/90,96.7%,87.9%,0.921,ปี/ภาค,90,0.0333,,96.7%,0,9,0,3,270
text_merged,87/90,96.7%,87.9%,0.921,หมวดวิชา,90,0.0525,,95.6%,4,55,6,3,1238
text_merged,87/90,96.7%,87.9%,0.921,บังคับ/เลือก,90,0.0309,,96.7%,0,15,0,3,486
text_merged,87/90,96.7%,87.9%,0.921,วิชาบังคับก่อน,87,0.0889,,94.3%,25,15,0,0,450
text_merged,87/90,96.7%,87.9%,0.921,ปี/ภาคยืดหยุ่น,87,0.0,,100.0%,0,0,0,0,495
